servedcuisines,placeid
International,132862
International,134986
International,132854
Cafeteria,135032
Cafeteria,135041
Cafeteria,132572
Mexican,132825
Mexican,132834
Mexican,135028
Bakery,132866
Bar,135052
Bar,132921
Bar,135041
Turkish,
Armenian,132667
Persian,
Dessert-Ice_Cream,
Ethiopian,
Thai,
Southern,
Sushi,
Chinese,135042
Chinese,135079
Chinese,135044
African,
Mongolian,
Hot_Dogs,
Fast_Food,135085
Fast_Food,135046
Fast_Food,135021
Polish,
Bagels,
Japanese,135072
Japanese,132875
Japanese,134999
Family,132768
Family,132773
Dutch-Belgian,
Spanish,
Vietnamese,132767
Breakfast-Brunch,132954
Burgers,135086
Burgers,132861
Burgers,132870
Juice,
Italian,132856
Italian,135035
Italian,132626
Organic-Healthy,
Caribbean,
Soup,
Fine_Dining,
Pizzeria,135058
Pizzeria,132733
Pizzeria,135053
Vegetarian,
Korean,
French,
Game,132851
Deli-Sandwiches,
Southwestern,
Seafood,135060
Seafood,135039
Seafood,135075
Diner,
Brazilian,
Greek,
Asian,
Continental-European,
German,
Bar_Pub_Brewery,135052
Bar_Pub_Brewery,135026
Bar_Pub_Brewery,135071
Regional,132560
Eastern_European,
California,
Steaks,
Cafe-Coffee_Shop,135030
Latin_American,
Mediterranean,134976
Barbecue,
American,132872
American,132951
American,132851
Afghan,
Contemporary,135032
Contemporary,135074
