servedcuisines,placeid
International,
Cafeteria,
Mexican,135104
Bakery,
Bar,135048
Turkish,
Armenian,
Persian,
Dessert-Ice_Cream,
Ethiopian,
Thai,
Southern,
Sushi,
Chinese,
African,
Mongolian,
Hot_Dogs,
Fast_Food,
Polish,
Bagels,
Japanese,
Family,
Dutch-Belgian,
Spanish,
Vietnamese,
Breakfast-Brunch,
Burgers,
Juice,
Italian,
Organic-Healthy,
Caribbean,
Soup,
Fine_Dining,
Pizzeria,
Vegetarian,
Korean,
French,
Game,
Deli-Sandwiches,
Southwestern,
Seafood,
Diner,
Brazilian,
Greek,
Asian,
Continental-European,
German,
Bar_Pub_Brewery,
Regional,
Eastern_European,
California,
Steaks,
Cafe-Coffee_Shop,
Latin_American,
Mediterranean,
Barbecue,
American,
Afghan,
Contemporary,
